-- ================================================================
-- GROCERYSAVER SUPABASE SCHEMA
-- Run the entire file once in Supabase SQL Editor.
-- ================================================================

create extension if not exists pgcrypto;

-- -----------------------
-- Profiles / authorization
-- -----------------------

create table if not exists public.profiles (
  id uuid primary key references auth.users(id) on delete cascade,
  email text,
  display_name text not null default 'GrocerySaver User',
  monthly_budget numeric(12,2) not null default 0,
  is_admin boolean not null default false,
  is_anonymous boolean not null default false,
  created_at timestamptz not null default now(),
  updated_at timestamptz not null default now()
);

create or replace function public.handle_new_user()
returns trigger
language plpgsql
security definer
set search_path = public
as $$
begin
  insert into public.profiles (
    id,
    email,
    display_name,
    is_anonymous
  )
  values (
    new.id,
    new.email,
    coalesce(
      new.raw_user_meta_data ->> 'display_name',
      case
        when new.email is not null then split_part(new.email, '@', 1)
        else 'GrocerySaver User'
      end
    ),
    coalesce((new.is_anonymous)::boolean, false)
  )
  on conflict (id) do update set
    email = excluded.email,
    is_anonymous = excluded.is_anonymous,
    updated_at = now();

  return new;
end;
$$;

drop trigger if exists on_auth_user_created
on auth.users;

create trigger on_auth_user_created
after insert or update on auth.users
for each row execute function public.handle_new_user();

create or replace function public.is_admin()
returns boolean
language sql
stable
security definer
set search_path = public
as $$
  select exists (
    select 1
    from public.profiles
    where id = auth.uid()
      and is_admin = true
  );
$$;

-- -----------------------
-- Shared catalog
-- -----------------------

create table if not exists public.products (
  id bigint primary key,
  name text not null,
  brand text,
  category text,
  unit text,
  icon text,
  image_url text,
  active boolean not null default true,
  created_at timestamptz not null default now(),
  updated_at timestamptz not null default now()
);

create table if not exists public.stores (
  id bigint primary key,
  name text not null,
  address text,
  latitude double precision,
  longitude double precision,
  active boolean not null default true,
  created_at timestamptz not null default now(),
  updated_at timestamptz not null default now()
);

create table if not exists public.prices (
  id bigint generated by default as identity primary key,
  product_id bigint not null references public.products(id) on delete cascade,
  store_id bigint not null references public.stores(id) on delete cascade,
  price_cents integer not null check(price_cents > 0),
  source text not null default 'manual_admin',
  crowd_verified boolean not null default false,
  report_count integer not null default 0,
  checked_date date,
  updated_at timestamptz not null default now(),
  unique(product_id, store_id)
);

create table if not exists public.product_aliases (
  id bigint generated by default as identity primary key,
  product_id bigint not null references public.products(id) on delete cascade,
  alias text not null,
  normalized_alias text not null,
  created_at timestamptz not null default now(),
  unique(product_id, normalized_alias)
);

-- -----------------------
-- Private user receipts
-- -----------------------

create table if not exists public.receipts (
  id uuid primary key default gen_random_uuid(),
  client_receipt_id text,
  user_id uuid not null references auth.users(id) on delete cascade,
  store_id bigint not null references public.stores(id),
  receipt_date date,
  total_spent numeric(12,2) not null check(total_spent >= 0),
  cheapest_total numeric(12,2) not null default 0,
  savings numeric(12,2) not null default 0,
  regular_price_total numeric(12,2) not null default 0,
  image_name text,
  raw_text text,
  created_at timestamptz not null default now(),
  unique(user_id, client_receipt_id)
);

create table if not exists public.receipt_items (
  id uuid primary key default gen_random_uuid(),
  receipt_id uuid not null references public.receipts(id) on delete cascade,
  user_id uuid not null references auth.users(id) on delete cascade,
  store_id bigint not null references public.stores(id),
  raw_name text,
  normalized_name text,
  matched_product_id bigint references public.products(id),
  matched_name text,
  match_confidence numeric(5,4) not null default 0,
  quantity numeric(10,3) not null default 1,
  unit_price numeric(12,2) not null default 0,
  price_cents integer not null default 0,
  created_at timestamptz not null default now()
);

create table if not exists public.crowd_price_reports (
  id uuid primary key default gen_random_uuid(),
  user_id uuid not null references auth.users(id) on delete cascade,
  receipt_id uuid not null references public.receipts(id) on delete cascade,
  product_id bigint not null references public.products(id) on delete cascade,
  store_id bigint not null references public.stores(id) on delete cascade,
  price_cents integer not null check(price_cents > 0),
  reported_at timestamptz not null default now(),
  unique(user_id, receipt_id, product_id, store_id, price_cents)
);

create index if not exists crowd_price_lookup
on public.crowd_price_reports(
  product_id,
  store_id,
  price_cents
);

-- -----------------------
-- Three-user / three-receipt rule
-- -----------------------

create or replace function public.apply_price_consensus(
  target_product_id bigint,
  target_store_id bigint,
  target_price_cents integer
)
returns void
language plpgsql
security definer
set search_path = public
as $$
declare
  distinct_user_count integer;
begin
  select count(distinct user_id)
  into distinct_user_count
  from public.crowd_price_reports
  where product_id = target_product_id
    and store_id = target_store_id
    and price_cents = target_price_cents;

  if distinct_user_count < 3 then
    return;
  end if;

  insert into public.prices (
    product_id,
    store_id,
    price_cents,
    source,
    crowd_verified,
    report_count,
    checked_date,
    updated_at
  )
  values (
    target_product_id,
    target_store_id,
    target_price_cents,
    'crowd_receipts',
    true,
    distinct_user_count,
    current_date,
    now()
  )
  on conflict (product_id, store_id)
  do update set
    price_cents = excluded.price_cents,
    source = excluded.source,
    crowd_verified = true,
    report_count = excluded.report_count,
    checked_date = excluded.checked_date,
    updated_at = now();
end;
$$;

create or replace function public.on_crowd_price_report()
returns trigger
language plpgsql
security definer
set search_path = public
as $$
begin
  perform public.apply_price_consensus(
    new.product_id,
    new.store_id,
    new.price_cents
  );

  return new;
end;
$$;

drop trigger if exists crowd_price_report_consensus
on public.crowd_price_reports;

create trigger crowd_price_report_consensus
after insert on public.crowd_price_reports
for each row
execute function public.on_crowd_price_report();

-- -----------------------
-- Admin reporting
-- -----------------------

create or replace view public.admin_user_summary
with (security_invoker = true)
as
select
  p.id,
  p.email,
  p.display_name,
  p.is_admin,
  p.is_anonymous,
  p.created_at,
  count(distinct r.id) as receipt_count,
  count(distinct cpr.id) as price_report_count
from public.profiles p
left join public.receipts r
  on r.user_id = p.id
left join public.crowd_price_reports cpr
  on cpr.user_id = p.id
group by p.id;

create or replace function public.admin_delete_user_app_data(
  target_user_id uuid
)
returns void
language plpgsql
security definer
set search_path = public
as $$
begin
  if not public.is_admin() then
    raise exception 'Administrator access required';
  end if;

  delete from public.crowd_price_reports
  where user_id = target_user_id;

  delete from public.receipt_items
  where user_id = target_user_id;

  delete from public.receipts
  where user_id = target_user_id;

  update public.profiles
  set
    monthly_budget = 0,
    display_name = 'GrocerySaver User',
    updated_at = now()
  where id = target_user_id;
end;
$$;

-- -----------------------
-- Row Level Security
-- -----------------------

alter table public.profiles enable row level security;
alter table public.products enable row level security;
alter table public.stores enable row level security;
alter table public.prices enable row level security;
alter table public.product_aliases enable row level security;
alter table public.receipts enable row level security;
alter table public.receipt_items enable row level security;
alter table public.crowd_price_reports enable row level security;

-- Profiles
drop policy if exists "Users read own profile" on public.profiles;
create policy "Users read own profile"
on public.profiles for select
to authenticated
using (id = auth.uid() or public.is_admin());

drop policy if exists "Users update own profile" on public.profiles;
create policy "Users update own profile"
on public.profiles for update
to authenticated
using (id = auth.uid())
with check (id = auth.uid());

-- Shared catalog: everyone can read
drop policy if exists "Public read products" on public.products;
create policy "Public read products"
on public.products for select
to anon, authenticated
using (active = true or public.is_admin());

drop policy if exists "Admin insert products" on public.products;
create policy "Admin insert products"
on public.products for insert
to authenticated
with check (public.is_admin());

drop policy if exists "Admin update products" on public.products;
create policy "Admin update products"
on public.products for update
to authenticated
using (public.is_admin())
with check (public.is_admin());

drop policy if exists "Admin delete products" on public.products;
create policy "Admin delete products"
on public.products for delete
to authenticated
using (public.is_admin());

drop policy if exists "Public read stores" on public.stores;
create policy "Public read stores"
on public.stores for select
to anon, authenticated
using (active = true or public.is_admin());

drop policy if exists "Admin manage stores insert" on public.stores;
create policy "Admin manage stores insert"
on public.stores for insert
to authenticated
with check (public.is_admin());

drop policy if exists "Admin manage stores update" on public.stores;
create policy "Admin manage stores update"
on public.stores for update
to authenticated
using (public.is_admin())
with check (public.is_admin());

drop policy if exists "Public read prices" on public.prices;
create policy "Public read prices"
on public.prices for select
to anon, authenticated
using (true);

drop policy if exists "Admin insert prices" on public.prices;
create policy "Admin insert prices"
on public.prices for insert
to authenticated
with check (public.is_admin());

drop policy if exists "Admin update prices" on public.prices;
create policy "Admin update prices"
on public.prices for update
to authenticated
using (public.is_admin())
with check (public.is_admin());

drop policy if exists "Admin delete prices" on public.prices;
create policy "Admin delete prices"
on public.prices for delete
to authenticated
using (public.is_admin());

drop policy if exists "Public read aliases" on public.product_aliases;
create policy "Public read aliases"
on public.product_aliases for select
to anon, authenticated
using (true);

drop policy if exists "Admin insert aliases" on public.product_aliases;
create policy "Admin insert aliases"
on public.product_aliases for insert
to authenticated
with check (public.is_admin());

drop policy if exists "Admin update aliases" on public.product_aliases;
create policy "Admin update aliases"
on public.product_aliases for update
to authenticated
using (public.is_admin())
with check (public.is_admin());

drop policy if exists "Admin delete aliases" on public.product_aliases;
create policy "Admin delete aliases"
on public.product_aliases for delete
to authenticated
using (public.is_admin());

-- Receipts
drop policy if exists "Users read own receipts" on public.receipts;
create policy "Users read own receipts"
on public.receipts for select
to authenticated
using (user_id = auth.uid() or public.is_admin());

drop policy if exists "Users insert own receipts" on public.receipts;
create policy "Users insert own receipts"
on public.receipts for insert
to authenticated
with check (user_id = auth.uid());

drop policy if exists "Users delete own receipts" on public.receipts;
create policy "Users delete own receipts"
on public.receipts for delete
to authenticated
using (user_id = auth.uid() or public.is_admin());

drop policy if exists "Users read own receipt items" on public.receipt_items;
create policy "Users read own receipt items"
on public.receipt_items for select
to authenticated
using (user_id = auth.uid() or public.is_admin());

drop policy if exists "Users insert own receipt items" on public.receipt_items;
create policy "Users insert own receipt items"
on public.receipt_items for insert
to authenticated
with check (user_id = auth.uid());

drop policy if exists "Users read own reports" on public.crowd_price_reports;
create policy "Users read own reports"
on public.crowd_price_reports for select
to authenticated
using (user_id = auth.uid() or public.is_admin());

drop policy if exists "Users insert own reports" on public.crowd_price_reports;
create policy "Users insert own reports"
on public.crowd_price_reports for insert
to authenticated
with check (user_id = auth.uid());

-- Allow admins to read the view and execute RPC.
grant select on public.admin_user_summary to authenticated;
grant execute on function public.admin_delete_user_app_data(uuid)
to authenticated;

-- Realtime catalog
do $$
begin
  if not exists (
    select 1
    from pg_publication_tables
    where pubname = 'supabase_realtime'
      and schemaname = 'public'
      and tablename = 'products'
  ) then
    alter publication supabase_realtime
      add table public.products;
  end if;

  if not exists (
    select 1
    from pg_publication_tables
    where pubname = 'supabase_realtime'
      and schemaname = 'public'
      and tablename = 'prices'
  ) then
    alter publication supabase_realtime
      add table public.prices;
  end if;

  if not exists (
    select 1
    from pg_publication_tables
    where pubname = 'supabase_realtime'
      and schemaname = 'public'
      and tablename = 'product_aliases'
  ) then
    alter publication supabase_realtime
      add table public.product_aliases;
  end if;
end
$$;

-- -----------------------
-- Initial stores
-- -----------------------

insert into public.stores (
  id, name, address, latitude, longitude, active
)
values
  (1, 'Walmart', 'Edmonton, Alberta', 53.5461, -113.4938, true),
  (2, 'No Frills', 'Edmonton, Alberta', 53.5461, -113.4938, true),
  (3, 'Superstore', 'Edmonton, Alberta', 53.5461, -113.4938, true),
  (4, 'Costco', 'Edmonton, Alberta', 53.5461, -113.4938, true)
on conflict (id) do update set
  name = excluded.name,
  active = true,
  updated_at = now();

-- -----------------------
-- Initial products
-- -----------------------

insert into public.products (
  id, name, brand, category, unit, icon, active
)
values
  (1, 'Milk 2L', 'Great Value', 'Dairy', '2 L', '🥛', true),
  (2, 'Eggs', 'Great Value', 'Dairy', '12 pack', '🥚', true),
  (3, 'White Bread', 'Wonder', 'Bakery', '675 g', '🍞', true),
  (4, 'Bananas', 'No Brand', 'Fruit', '1 kg', '🍌', true),
  (5, 'Chicken Breast', 'No Brand', 'Meat', '1 kg', '🍗', true),
  (6, 'Tomatoes', 'No Brand', 'Vegetables', '1 kg', '🍅', true),
  (7, 'Potatoes', 'No Brand', 'Vegetables', '5 lb', '🥔', true),
  (8, 'Rice', 'Rooster', 'Pantry', '8 kg', '🍚', true),
  (9, 'Apples', 'No Brand', 'Fruit', '3 lb', '🍎', true),
  (10, 'Ground Beef', 'No Brand', 'Meat', '1 kg', '🥩', true),
  (11, 'Olive Oil', 'No Brand', 'Pantry', '1 L', '🫒', true)
on conflict (id) do update set
  name = excluded.name,
  brand = excluded.brand,
  category = excluded.category,
  unit = excluded.unit,
  icon = excluded.icon,
  active = true,
  updated_at = now();

-- Initial sample prices.
insert into public.prices (
  product_id,
  store_id,
  price_cents,
  source,
  checked_date
)
values
  (1,1,448,'seed',current_date),(1,2,479,'seed',current_date),
  (1,3,469,'seed',current_date),(1,4,429,'seed',current_date),
  (2,1,368,'seed',current_date),(2,2,399,'seed',current_date),
  (2,3,379,'seed',current_date),(2,4,345,'seed',current_date),
  (3,1,247,'seed',current_date),(3,2,229,'seed',current_date),
  (3,3,249,'seed',current_date),(3,4,259,'seed',current_date),
  (4,1,169,'seed',current_date),(4,2,158,'seed',current_date),
  (4,3,166,'seed',current_date),(4,4,149,'seed',current_date),
  (5,1,1319,'seed',current_date),(5,2,1298,'seed',current_date),
  (5,3,1349,'seed',current_date),(5,4,1199,'seed',current_date),
  (6,1,397,'seed',current_date),(6,2,349,'seed',current_date),
  (6,3,379,'seed',current_date),(6,4,359,'seed',current_date),
  (7,1,497,'seed',current_date),(7,2,449,'seed',current_date),
  (7,3,479,'seed',current_date),(7,4,439,'seed',current_date),
  (8,1,1897,'seed',current_date),(8,2,1949,'seed',current_date),
  (8,3,1879,'seed',current_date),(8,4,1799,'seed',current_date),
  (9,1,597,'seed',current_date),(9,2,549,'seed',current_date),
  (9,3,579,'seed',current_date),(9,4,529,'seed',current_date),
  (10,1,1297,'seed',current_date),(10,2,1249,'seed',current_date),
  (10,3,1329,'seed',current_date),(10,4,1199,'seed',current_date),
  (11,1,1097,'seed',current_date),(11,2,1149,'seed',current_date),
  (11,3,1079,'seed',current_date),(11,4,999,'seed',current_date)
on conflict (product_id,store_id) do nothing;

-- Initial aliases.
insert into public.product_aliases (
  product_id, alias, normalized_alias
)
values
  (1,'milk','milk'),(1,'mlk','mlk'),(1,'gv mlk','gv mlk'),
  (1,'milk 2l','milk 2l'),
  (2,'eggs','eggs'),(2,'egg','egg'),(2,'dozen eggs','dozen eggs'),
  (3,'bread','bread'),(3,'wht brd','wht brd'),(3,'wonder bread','wonder bread'),
  (4,'banana','banana'),(4,'bananas','bananas'),
  (5,'chicken breast','chicken breast'),(5,'chkn brst','chkn brst'),
  (5,'bnls chkn','bnls chkn'),
  (6,'tomato','tomato'),(6,'tomatoes','tomatoes'),
  (7,'potato','potato'),(7,'potatoes','potatoes'),(7,'russet pot','russet pot'),
  (8,'rice','rice'),(8,'rooster rice','rooster rice'),
  (9,'apple','apple'),(9,'apples','apples'),
  (10,'ground beef','ground beef'),(10,'grd beef','grd beef'),
  (11,'olive oil','olive oil'),(11,'olv oil','olv oil')
on conflict (product_id,normalized_alias) do nothing;


alter table public.receipts add column if not exists regular_price_total numeric(12,2) not null default 0;

-- ================================================================
-- RECEIPT ALIAS REVIEW + STRICT 7 USER / 7 RECEIPT CONSENSUS UPGRADE
-- Safe to run after the original schema.
-- ================================================================

create index if not exists receipt_items_unmatched_lookup
on public.receipt_items(normalized_name, store_id)
where matched_product_id is null;

create or replace view public.admin_alias_candidates
with (security_invoker = true)
as
select
  ri.normalized_name,
  min(ri.raw_name) as sample_raw_name,
  ri.store_id,
  count(*) as occurrence_count,
  count(distinct ri.receipt_id) as receipt_count,
  count(distinct ri.user_id) as user_count,
  min(ri.created_at) as first_seen_at,
  max(ri.created_at) as last_seen_at
from public.receipt_items ri
where ri.matched_product_id is null
  and coalesce(ri.normalized_name, '') <> ''
group by ri.normalized_name, ri.store_id;

create or replace function public.apply_price_consensus(
  target_product_id bigint,
  target_store_id bigint,
  target_price_cents integer
)
returns void
language plpgsql
security definer
set search_path = public
as $$
declare
  distinct_user_count integer;
  distinct_receipt_count integer;
begin
  select
    count(distinct user_id),
    count(distinct receipt_id)
  into distinct_user_count, distinct_receipt_count
  from public.crowd_price_reports
  where product_id = target_product_id
    and store_id = target_store_id
    and price_cents = target_price_cents;

  if distinct_user_count < 3 or distinct_receipt_count < 3 then
    return;
  end if;

  insert into public.prices (
    product_id,
    store_id,
    price_cents,
    source,
    crowd_verified,
    report_count,
    checked_date,
    updated_at
  )
  values (
    target_product_id,
    target_store_id,
    target_price_cents,
    'crowd_receipts_3_users_3_receipts',
    true,
    least(distinct_user_count, distinct_receipt_count),
    current_date,
    now()
  )
  on conflict (product_id, store_id)
  do update set
    price_cents = excluded.price_cents,
    source = excluded.source,
    crowd_verified = true,
    report_count = excluded.report_count,
    checked_date = excluded.checked_date,
    updated_at = now();
end;
$$;

create or replace function public.admin_assign_receipt_alias(
  target_normalized_name text,
  target_product_id bigint,
  target_store_id bigint default null
)
returns jsonb
language plpgsql
security definer
set search_path = public
as $$
declare
  clean_alias text;
  updated_items integer := 0;
  inserted_reports integer := 0;
  candidate record;
begin
  if not public.is_admin() then
    raise exception 'Administrator access required';
  end if;

  clean_alias := lower(regexp_replace(trim(target_normalized_name), '[^a-z0-9 ]', ' ', 'g'));
  clean_alias := regexp_replace(clean_alias, '\s+', ' ', 'g');

  if clean_alias = '' then
    raise exception 'Alias cannot be empty';
  end if;

  insert into public.product_aliases(product_id, alias, normalized_alias)
  values (target_product_id, target_normalized_name, clean_alias)
  on conflict (product_id, normalized_alias) do nothing;

  update public.receipt_items
  set
    matched_product_id = target_product_id,
    matched_name = (select name from public.products where id = target_product_id),
    match_confidence = 1
  where matched_product_id is null
    and normalized_name = target_normalized_name
    and (target_store_id is null or store_id = target_store_id);

  get diagnostics updated_items = row_count;

  insert into public.crowd_price_reports(
    user_id,
    receipt_id,
    product_id,
    store_id,
    price_cents,
    reported_at
  )
  select distinct
    ri.user_id,
    ri.receipt_id,
    target_product_id,
    ri.store_id,
    ri.price_cents,
    ri.created_at
  from public.receipt_items ri
  where ri.matched_product_id = target_product_id
    and ri.normalized_name = target_normalized_name
    and ri.price_cents > 0
    and (target_store_id is null or ri.store_id = target_store_id)
  on conflict (user_id, receipt_id, product_id, store_id, price_cents)
  do nothing;

  get diagnostics inserted_reports = row_count;

  for candidate in
    select distinct store_id, price_cents
    from public.crowd_price_reports
    where product_id = target_product_id
      and (target_store_id is null or store_id = target_store_id)
  loop
    perform public.apply_price_consensus(
      target_product_id,
      candidate.store_id,
      candidate.price_cents
    );
  end loop;

  return jsonb_build_object(
    'alias', clean_alias,
    'updated_items', updated_items,
    'inserted_reports', inserted_reports
  );
end;
$$;

grant select on public.admin_alias_candidates to authenticated;
grant execute on function public.admin_assign_receipt_alias(text, bigint, bigint) to authenticated;


-- SULIT V2 RECEIPT ADMIN PATCH
-- Run this block in Supabase SQL Editor after the full schema.
drop policy if exists "Admins update receipts" on public.receipts;
create policy "Admins update receipts"
on public.receipts for update
to authenticated
using (public.is_admin())
with check (public.is_admin());

drop policy if exists "Admins update receipt items" on public.receipt_items;
create policy "Admins update receipt items"
on public.receipt_items for update
to authenticated
using (public.is_admin())
with check (public.is_admin());

drop policy if exists "Admins update crowd reports" on public.crowd_price_reports;
create policy "Admins update crowd reports"
on public.crowd_price_reports for update
to authenticated
using (public.is_admin())
with check (public.is_admin());

notify pgrst, 'reload schema';
